episode_id,actor_id,actor_name,peak_rank,t0_date,peak_metric_value,relative_week,calendar_week,is_observed_week,combat_event_count,combatant_fatalities,actor_deaths_suffered,one_sided_event_count,one_sided_civilian_fatalities,civilian_fatalities,active_location_count
ucdp-112__2024-10-21,ucdp:112,Government of Sudan,1,2024-10-21,350.0,-8,2024-08-26,True,10.0,0.0,0.0,0.0,0.0,29.0,9.0
ucdp-112__2024-10-21,ucdp:112,Government of Sudan,1,2024-10-21,350.0,-7,2024-09-02,True,8.0,0.0,0.0,0.0,0.0,26.0,7.0
ucdp-112__2024-10-21,ucdp:112,Government of Sudan,1,2024-10-21,350.0,-6,2024-09-09,True,10.0,84.0,4.0,0.0,0.0,31.0,5.0
ucdp-112__2024-10-21,ucdp:112,Government of Sudan,1,2024-10-21,350.0,-5,2024-09-16,True,13.0,2.0,1.0,0.0,0.0,76.0,7.0
ucdp-112__2024-10-21,ucdp:112,Government of Sudan,1,2024-10-21,350.0,-4,2024-09-23,True,18.0,15.0,12.0,0.0,0.0,26.0,9.0
ucdp-112__2024-10-21,ucdp:112,Government of Sudan,1,2024-10-21,350.0,-3,2024-09-30,True,17.0,21.0,3.0,0.0,0.0,95.0,15.0
ucdp-112__2024-10-21,ucdp:112,Government of Sudan,1,2024-10-21,350.0,-2,2024-10-07,True,15.0,18.0,16.0,0.0,0.0,63.0,9.0
ucdp-112__2024-10-21,ucdp:112,Government of Sudan,1,2024-10-21,350.0,-1,2024-10-14,True,8.0,25.0,1.0,0.0,0.0,51.0,8.0
ucdp-112__2024-10-21,ucdp:112,Government of Sudan,1,2024-10-21,350.0,0,2024-10-21,True,11.0,1.0,1.0,1.0,350.0,394.0,8.0
ucdp-112__2024-10-21,ucdp:112,Government of Sudan,1,2024-10-21,350.0,1,2024-10-28,True,10.0,0.0,0.0,0.0,0.0,67.0,9.0
ucdp-112__2024-10-21,ucdp:112,Government of Sudan,1,2024-10-21,350.0,2,2024-11-04,True,11.0,0.0,0.0,0.0,0.0,57.0,9.0
ucdp-112__2024-10-21,ucdp:112,Government of Sudan,1,2024-10-21,350.0,3,2024-11-11,True,12.0,161.0,6.0,1.0,2.0,13.0,8.0
ucdp-112__2024-10-21,ucdp:112,Government of Sudan,1,2024-10-21,350.0,4,2024-11-18,True,8.0,0.0,0.0,0.0,0.0,25.0,7.0
ucdp-112__2024-10-21,ucdp:112,Government of Sudan,1,2024-10-21,350.0,5,2024-11-25,True,6.0,2.0,0.0,0.0,0.0,13.0,4.0
ucdp-112__2024-10-21,ucdp:112,Government of Sudan,1,2024-10-21,350.0,6,2024-12-02,True,11.0,0.0,0.0,4.0,7.0,81.0,15.0
ucdp-112__2024-10-21,ucdp:112,Government of Sudan,1,2024-10-21,350.0,7,2024-12-09,True,14.0,0.0,0.0,0.0,0.0,139.0,8.0
ucdp-112__2024-10-21,ucdp:112,Government of Sudan,1,2024-10-21,350.0,8,2024-12-16,True,13.0,26.0,1.0,1.0,39.0,72.0,9.0
ucdp-112__2025-01-06,ucdp:112,Government of Sudan,2,2025-01-06,160.0,-8,2024-11-11,True,12.0,161.0,6.0,1.0,2.0,13.0,8.0
ucdp-112__2025-01-06,ucdp:112,Government of Sudan,2,2025-01-06,160.0,-7,2024-11-18,True,8.0,0.0,0.0,0.0,0.0,25.0,7.0
ucdp-112__2025-01-06,ucdp:112,Government of Sudan,2,2025-01-06,160.0,-6,2024-11-25,True,6.0,2.0,0.0,0.0,0.0,13.0,4.0
ucdp-112__2025-01-06,ucdp:112,Government of Sudan,2,2025-01-06,160.0,-5,2024-12-02,True,11.0,0.0,0.0,4.0,7.0,81.0,15.0
ucdp-112__2025-01-06,ucdp:112,Government of Sudan,2,2025-01-06,160.0,-4,2024-12-09,True,14.0,0.0,0.0,0.0,0.0,139.0,8.0
ucdp-112__2025-01-06,ucdp:112,Government of Sudan,2,2025-01-06,160.0,-3,2024-12-16,True,13.0,26.0,1.0,1.0,39.0,72.0,9.0
ucdp-112__2025-01-06,ucdp:112,Government of Sudan,2,2025-01-06,160.0,-2,2024-12-23,True,12.0,11.0,11.0,1.0,2.0,44.0,9.0
ucdp-112__2025-01-06,ucdp:112,Government of Sudan,2,2025-01-06,160.0,-1,2024-12-30,True,14.0,23.0,2.0,2.0,7.0,38.0,9.0
ucdp-112__2025-01-06,ucdp:112,Government of Sudan,2,2025-01-06,160.0,0,2025-01-06,True,13.0,0.0,0.0,7.0,160.0,223.0,15.0
ucdp-112__2025-01-06,ucdp:112,Government of Sudan,2,2025-01-06,160.0,1,2025-01-13,True,14.0,288.0,0.0,3.0,74.0,230.0,10.0
ucdp-112__2025-01-06,ucdp:112,Government of Sudan,2,2025-01-06,160.0,2,2025-01-20,True,9.0,0.0,0.0,1.0,18.0,78.0,6.0
ucdp-112__2025-01-06,ucdp:112,Government of Sudan,2,2025-01-06,160.0,3,2025-01-27,True,17.0,141.0,0.0,3.0,4.0,95.0,12.0
ucdp-112__2025-01-06,ucdp:112,Government of Sudan,2,2025-01-06,160.0,4,2025-02-03,True,9.0,1.0,0.0,1.0,2.0,39.0,9.0
ucdp-112__2025-01-06,ucdp:112,Government of Sudan,2,2025-01-06,160.0,5,2025-02-10,True,4.0,0.0,0.0,0.0,0.0,8.0,3.0
ucdp-112__2025-01-06,ucdp:112,Government of Sudan,2,2025-01-06,160.0,6,2025-02-17,True,14.0,88.0,1.0,2.0,6.0,47.0,11.0
ucdp-112__2025-01-06,ucdp:112,Government of Sudan,2,2025-01-06,160.0,7,2025-02-24,True,8.0,63.0,7.0,0.0,0.0,77.0,7.0
ucdp-112__2025-01-06,ucdp:112,Government of Sudan,2,2025-01-06,160.0,8,2025-03-03,True,9.0,6.0,2.0,0.0,0.0,63.0,6.0
ucdp-112__2025-04-07,ucdp:112,Government of Sudan,3,2025-04-07,98.0,-8,2025-02-10,True,4.0,0.0,0.0,0.0,0.0,8.0,3.0
ucdp-112__2025-04-07,ucdp:112,Government of Sudan,3,2025-04-07,98.0,-7,2025-02-17,True,14.0,88.0,1.0,2.0,6.0,47.0,11.0
ucdp-112__2025-04-07,ucdp:112,Government of Sudan,3,2025-04-07,98.0,-6,2025-02-24,True,8.0,63.0,7.0,0.0,0.0,77.0,7.0
ucdp-112__2025-04-07,ucdp:112,Government of Sudan,3,2025-04-07,98.0,-5,2025-03-03,True,9.0,6.0,2.0,0.0,0.0,63.0,6.0
ucdp-112__2025-04-07,ucdp:112,Government of Sudan,3,2025-04-07,98.0,-4,2025-03-10,True,10.0,8.0,0.0,0.0,0.0,20.0,4.0
ucdp-112__2025-04-07,ucdp:112,Government of Sudan,3,2025-04-07,98.0,-3,2025-03-17,True,8.0,0.0,0.0,0.0,0.0,37.0,6.0
ucdp-112__2025-04-07,ucdp:112,Government of Sudan,3,2025-04-07,98.0,-2,2025-03-24,True,7.0,7.0,7.0,3.0,22.0,387.0,8.0
ucdp-112__2025-04-07,ucdp:112,Government of Sudan,3,2025-04-07,98.0,-1,2025-03-31,True,12.0,25.0,18.0,0.0,0.0,162.0,8.0
ucdp-112__2025-04-07,ucdp:112,Government of Sudan,3,2025-04-07,98.0,0,2025-04-07,True,16.0,10.0,1.0,3.0,98.0,121.0,9.0
ucdp-112__2025-04-07,ucdp:112,Government of Sudan,3,2025-04-07,98.0,1,2025-04-14,True,11.0,55.0,2.0,1.0,1.0,128.0,7.0
ucdp-112__2025-04-07,ucdp:112,Government of Sudan,3,2025-04-07,98.0,2,2025-04-21,True,11.0,74.0,2.0,0.0,0.0,84.0,7.0
ucdp-112__2025-04-07,ucdp:112,Government of Sudan,3,2025-04-07,98.0,3,2025-04-28,True,13.0,221.0,9.0,0.0,0.0,19.0,5.0
ucdp-112__2025-04-07,ucdp:112,Government of Sudan,3,2025-04-07,98.0,4,2025-05-05,True,7.0,0.0,0.0,0.0,0.0,16.0,4.0
ucdp-112__2025-04-07,ucdp:112,Government of Sudan,3,2025-04-07,98.0,5,2025-05-12,True,12.0,204.0,204.0,2.0,26.0,85.0,9.0
ucdp-112__2025-04-07,ucdp:112,Government of Sudan,3,2025-04-07,98.0,6,2025-05-19,True,4.0,1.0,0.0,0.0,0.0,0.0,2.0
ucdp-112__2025-04-07,ucdp:112,Government of Sudan,3,2025-04-07,98.0,7,2025-05-26,True,10.0,204.0,4.0,0.0,0.0,76.0,8.0
ucdp-112__2025-04-07,ucdp:112,Government of Sudan,3,2025-04-07,98.0,8,2025-06-02,True,3.0,0.0,0.0,1.0,4.0,9.0,3.0
ucdp-112__2024-06-17,ucdp:112,Government of Sudan,4,2024-06-17,50.0,-8,2024-04-22,True,2.0,5.0,2.0,0.0,0.0,7.0,2.0
ucdp-112__2024-06-17,ucdp:112,Government of Sudan,4,2024-06-17,50.0,-7,2024-04-29,True,3.0,7.0,0.0,0.0,0.0,7.0,3.0
ucdp-112__2024-06-17,ucdp:112,Government of Sudan,4,2024-06-17,50.0,-6,2024-05-06,True,14.0,5.0,0.0,0.0,0.0,94.0,7.0
ucdp-112__2024-06-17,ucdp:112,Government of Sudan,4,2024-06-17,50.0,-5,2024-05-13,True,8.0,1.0,1.0,0.0,0.0,25.0,7.0
ucdp-112__2024-06-17,ucdp:112,Government of Sudan,4,2024-06-17,50.0,-4,2024-05-20,True,15.0,22.0,14.0,0.0,0.0,76.0,6.0
ucdp-112__2024-06-17,ucdp:112,Government of Sudan,4,2024-06-17,50.0,-3,2024-05-27,True,12.0,25.0,7.0,0.0,0.0,36.0,9.0
ucdp-112__2024-06-17,ucdp:112,Government of Sudan,4,2024-06-17,50.0,-2,2024-06-03,True,14.0,8.0,5.0,2.0,10.0,142.0,11.0
ucdp-112__2024-06-17,ucdp:112,Government of Sudan,4,2024-06-17,50.0,-1,2024-06-10,True,6.0,6.0,0.0,0.0,0.0,56.0,3.0
ucdp-112__2024-06-17,ucdp:112,Government of Sudan,4,2024-06-17,50.0,0,2024-06-17,True,14.0,5.0,1.0,1.0,50.0,116.0,10.0
ucdp-112__2024-06-17,ucdp:112,Government of Sudan,4,2024-06-17,50.0,1,2024-06-24,True,15.0,16.0,9.0,0.0,0.0,43.0,6.0
ucdp-112__2024-06-17,ucdp:112,Government of Sudan,4,2024-06-17,50.0,2,2024-07-01,True,9.0,8.0,5.0,0.0,0.0,39.0,6.0
ucdp-112__2024-06-17,ucdp:112,Government of Sudan,4,2024-06-17,50.0,3,2024-07-08,True,7.0,19.0,4.0,0.0,0.0,16.0,6.0
ucdp-112__2024-06-17,ucdp:112,Government of Sudan,4,2024-06-17,50.0,4,2024-07-15,True,5.0,23.0,17.0,0.0,0.0,32.0,4.0
ucdp-112__2024-06-17,ucdp:112,Government of Sudan,4,2024-06-17,50.0,5,2024-07-22,True,8.0,4.0,3.0,0.0,0.0,29.0,5.0
ucdp-112__2024-06-17,ucdp:112,Government of Sudan,4,2024-06-17,50.0,6,2024-07-29,True,10.0,54.0,6.0,0.0,0.0,34.0,6.0
ucdp-112__2024-06-17,ucdp:112,Government of Sudan,4,2024-06-17,50.0,7,2024-08-05,True,13.0,4.0,1.0,0.0,0.0,43.0,7.0
ucdp-112__2024-06-17,ucdp:112,Government of Sudan,4,2024-06-17,50.0,8,2024-08-12,True,6.0,5.0,5.0,0.0,0.0,29.0,6.0
ucdp-112__2025-08-04,ucdp:112,Government of Sudan,5,2025-08-04,12.0,-8,2025-06-09,True,13.0,52.0,7.0,0.0,0.0,50.0,8.0
ucdp-112__2025-08-04,ucdp:112,Government of Sudan,5,2025-08-04,12.0,-7,2025-06-16,True,4.0,1.0,0.0,0.0,0.0,66.0,4.0
ucdp-112__2025-08-04,ucdp:112,Government of Sudan,5,2025-08-04,12.0,-6,2025-06-23,True,8.0,29.0,0.0,0.0,0.0,21.0,7.0
ucdp-112__2025-08-04,ucdp:112,Government of Sudan,5,2025-08-04,12.0,-5,2025-06-30,True,3.0,1.0,0.0,0.0,0.0,14.0,3.0
ucdp-112__2025-08-04,ucdp:112,Government of Sudan,5,2025-08-04,12.0,-4,2025-07-07,True,9.0,236.0,1.0,0.0,0.0,60.0,5.0
ucdp-112__2025-08-04,ucdp:112,Government of Sudan,5,2025-08-04,12.0,-3,2025-07-14,True,7.0,206.0,0.0,0.0,0.0,22.0,4.0
ucdp-112__2025-08-04,ucdp:112,Government of Sudan,5,2025-08-04,12.0,-2,2025-07-21,True,6.0,3.0,0.0,0.0,0.0,19.0,4.0
ucdp-112__2025-08-04,ucdp:112,Government of Sudan,5,2025-08-04,12.0,-1,2025-07-28,True,9.0,27.0,24.0,0.0,0.0,24.0,8.0
ucdp-112__2025-08-04,ucdp:112,Government of Sudan,5,2025-08-04,12.0,0,2025-08-04,True,6.0,407.0,2.0,3.0,12.0,12.0,8.0
ucdp-112__2025-08-04,ucdp:112,Government of Sudan,5,2025-08-04,12.0,1,2025-08-11,True,10.0,230.0,0.0,0.0,0.0,83.0,6.0
ucdp-112__2025-08-04,ucdp:112,Government of Sudan,5,2025-08-04,12.0,2,2025-08-18,True,6.0,26.0,3.0,0.0,0.0,9.0,5.0
ucdp-112__2025-08-04,ucdp:112,Government of Sudan,5,2025-08-04,12.0,3,2025-08-25,True,10.0,35.0,5.0,0.0,0.0,49.0,7.0
ucdp-112__2025-08-04,ucdp:112,Government of Sudan,5,2025-08-04,12.0,4,2025-09-01,True,6.0,2.0,0.0,0.0,0.0,46.0,4.0
ucdp-112__2025-08-04,ucdp:112,Government of Sudan,5,2025-08-04,12.0,5,2025-09-08,True,12.0,32.0,1.0,0.0,0.0,25.0,7.0
ucdp-112__2025-08-04,ucdp:112,Government of Sudan,5,2025-08-04,12.0,6,2025-09-15,True,8.0,218.0,15.0,0.0,0.0,76.0,3.0
ucdp-112__2025-08-04,ucdp:112,Government of Sudan,5,2025-08-04,12.0,7,2025-09-22,True,8.0,208.0,0.0,0.0,0.0,23.0,3.0
ucdp-112__2025-08-04,ucdp:112,Government of Sudan,5,2025-08-04,12.0,8,2025-09-29,True,8.0,10.0,0.0,0.0,0.0,72.0,5.0
ucdp-112__2025-02-17,ucdp:112,Government of Sudan,6,2025-02-17,6.0,-8,2024-12-23,True,12.0,11.0,11.0,1.0,2.0,44.0,9.0
ucdp-112__2025-02-17,ucdp:112,Government of Sudan,6,2025-02-17,6.0,-7,2024-12-30,True,14.0,23.0,2.0,2.0,7.0,38.0,9.0
ucdp-112__2025-02-17,ucdp:112,Government of Sudan,6,2025-02-17,6.0,-6,2025-01-06,True,13.0,0.0,0.0,7.0,160.0,223.0,15.0
ucdp-112__2025-02-17,ucdp:112,Government of Sudan,6,2025-02-17,6.0,-5,2025-01-13,True,14.0,288.0,0.0,3.0,74.0,230.0,10.0
ucdp-112__2025-02-17,ucdp:112,Government of Sudan,6,2025-02-17,6.0,-4,2025-01-20,True,9.0,0.0,0.0,1.0,18.0,78.0,6.0
ucdp-112__2025-02-17,ucdp:112,Government of Sudan,6,2025-02-17,6.0,-3,2025-01-27,True,17.0,141.0,0.0,3.0,4.0,95.0,12.0
ucdp-112__2025-02-17,ucdp:112,Government of Sudan,6,2025-02-17,6.0,-2,2025-02-03,True,9.0,1.0,0.0,1.0,2.0,39.0,9.0
ucdp-112__2025-02-17,ucdp:112,Government of Sudan,6,2025-02-17,6.0,-1,2025-02-10,True,4.0,0.0,0.0,0.0,0.0,8.0,3.0
ucdp-112__2025-02-17,ucdp:112,Government of Sudan,6,2025-02-17,6.0,0,2025-02-17,True,14.0,88.0,1.0,2.0,6.0,47.0,11.0
ucdp-112__2025-02-17,ucdp:112,Government of Sudan,6,2025-02-17,6.0,1,2025-02-24,True,8.0,63.0,7.0,0.0,0.0,77.0,7.0
ucdp-112__2025-02-17,ucdp:112,Government of Sudan,6,2025-02-17,6.0,2,2025-03-03,True,9.0,6.0,2.0,0.0,0.0,63.0,6.0
ucdp-112__2025-02-17,ucdp:112,Government of Sudan,6,2025-02-17,6.0,3,2025-03-10,True,10.0,8.0,0.0,0.0,0.0,20.0,4.0
ucdp-112__2025-02-17,ucdp:112,Government of Sudan,6,2025-02-17,6.0,4,2025-03-17,True,8.0,0.0,0.0,0.0,0.0,37.0,6.0
ucdp-112__2025-02-17,ucdp:112,Government of Sudan,6,2025-02-17,6.0,5,2025-03-24,True,7.0,7.0,7.0,3.0,22.0,387.0,8.0
ucdp-112__2025-02-17,ucdp:112,Government of Sudan,6,2025-02-17,6.0,6,2025-03-31,True,12.0,25.0,18.0,0.0,0.0,162.0,8.0
ucdp-112__2025-02-17,ucdp:112,Government of Sudan,6,2025-02-17,6.0,7,2025-04-07,True,16.0,10.0,1.0,3.0,98.0,121.0,9.0
ucdp-112__2025-02-17,ucdp:112,Government of Sudan,6,2025-02-17,6.0,8,2025-04-14,True,11.0,55.0,2.0,1.0,1.0,128.0,7.0
ucdp-112__2023-08-07,ucdp:112,Government of Sudan,7,2023-08-07,4.0,-8,2023-06-12,True,12.0,1.0,1.0,0.0,0.0,84.0,6.0
ucdp-112__2023-08-07,ucdp:112,Government of Sudan,7,2023-08-07,4.0,-7,2023-06-19,True,7.0,0.0,0.0,0.0,0.0,67.0,6.0
ucdp-112__2023-08-07,ucdp:112,Government of Sudan,7,2023-08-07,4.0,-6,2023-06-26,True,2.0,1.0,0.0,0.0,0.0,1.0,2.0
ucdp-112__2023-08-07,ucdp:112,Government of Sudan,7,2023-08-07,4.0,-5,2023-07-03,True,10.0,4.0,2.0,0.0,0.0,78.0,8.0
ucdp-112__2023-08-07,ucdp:112,Government of Sudan,7,2023-08-07,4.0,-4,2023-07-10,True,8.0,2.0,2.0,0.0,0.0,16.0,5.0
ucdp-112__2023-08-07,ucdp:112,Government of Sudan,7,2023-08-07,4.0,-3,2023-07-17,True,7.0,21.0,1.0,0.0,0.0,20.0,5.0
ucdp-112__2023-08-07,ucdp:112,Government of Sudan,7,2023-08-07,4.0,-2,2023-07-24,True,9.0,2.0,0.0,0.0,0.0,9.0,5.0
ucdp-112__2023-08-07,ucdp:112,Government of Sudan,7,2023-08-07,4.0,-1,2023-07-31,True,6.0,31.0,0.0,0.0,0.0,14.0,5.0
ucdp-112__2023-08-07,ucdp:112,Government of Sudan,7,2023-08-07,4.0,0,2023-08-07,True,11.0,32.0,6.0,1.0,4.0,90.0,5.0
ucdp-112__2023-08-07,ucdp:112,Government of Sudan,7,2023-08-07,4.0,1,2023-08-14,True,11.0,47.0,0.0,0.0,0.0,20.0,6.0
ucdp-112__2023-08-07,ucdp:112,Government of Sudan,7,2023-08-07,4.0,2,2023-08-21,True,9.0,1.0,1.0,0.0,0.0,116.0,4.0
ucdp-112__2023-08-07,ucdp:112,Government of Sudan,7,2023-08-07,4.0,3,2023-08-28,True,15.0,7.0,0.0,0.0,0.0,107.0,6.0
ucdp-112__2023-08-07,ucdp:112,Government of Sudan,7,2023-08-07,4.0,4,2023-09-04,True,9.0,0.0,0.0,0.0,0.0,42.0,5.0
ucdp-112__2023-08-07,ucdp:112,Government of Sudan,7,2023-08-07,4.0,5,2023-09-11,True,9.0,2.0,2.0,0.0,0.0,20.0,5.0
ucdp-112__2023-08-07,ucdp:112,Government of Sudan,7,2023-08-07,4.0,6,2023-09-18,True,14.0,0.0,0.0,0.0,0.0,30.0,6.0
ucdp-112__2023-08-07,ucdp:112,Government of Sudan,7,2023-08-07,4.0,7,2023-09-25,True,14.0,4.0,2.0,0.0,0.0,60.0,8.0
ucdp-112__2023-08-07,ucdp:112,Government of Sudan,7,2023-08-07,4.0,8,2023-10-02,True,7.0,2.0,2.0,0.0,0.0,25.0,4.0
ucdp-112__2024-03-18,ucdp:112,Government of Sudan,8,2024-03-18,4.0,-8,2024-01-22,True,14.0,6.0,0.0,0.0,0.0,30.0,8.0
ucdp-112__2024-03-18,ucdp:112,Government of Sudan,8,2024-03-18,4.0,-7,2024-01-29,True,3.0,10.0,0.0,0.0,0.0,5.0,2.0
ucdp-112__2024-03-18,ucdp:112,Government of Sudan,8,2024-03-18,4.0,-6,2024-02-05,True,3.0,0.0,0.0,0.0,0.0,0.0,3.0
ucdp-112__2024-03-18,ucdp:112,Government of Sudan,8,2024-03-18,4.0,-5,2024-02-12,True,0.0,0.0,0.0,0.0,0.0,0.0,0.0
ucdp-112__2024-03-18,ucdp:112,Government of Sudan,8,2024-03-18,4.0,-4,2024-02-19,True,5.0,1.0,1.0,0.0,0.0,16.0,4.0
ucdp-112__2024-03-18,ucdp:112,Government of Sudan,8,2024-03-18,4.0,-3,2024-02-26,True,1.0,0.0,0.0,0.0,0.0,1.0,1.0
ucdp-112__2024-03-18,ucdp:112,Government of Sudan,8,2024-03-18,4.0,-2,2024-03-04,True,3.0,0.0,0.0,0.0,0.0,2.0,3.0
ucdp-112__2024-03-18,ucdp:112,Government of Sudan,8,2024-03-18,4.0,-1,2024-03-11,True,4.0,0.0,0.0,0.0,0.0,22.0,4.0
ucdp-112__2024-03-18,ucdp:112,Government of Sudan,8,2024-03-18,4.0,0,2024-03-18,True,6.0,27.0,0.0,1.0,4.0,13.0,4.0
ucdp-112__2024-03-18,ucdp:112,Government of Sudan,8,2024-03-18,4.0,1,2024-03-25,True,4.0,36.0,0.0,0.0,0.0,12.0,3.0
ucdp-112__2024-03-18,ucdp:112,Government of Sudan,8,2024-03-18,4.0,2,2024-04-01,True,7.0,0.0,0.0,0.0,0.0,7.0,7.0
ucdp-112__2024-03-18,ucdp:112,Government of Sudan,8,2024-03-18,4.0,3,2024-04-08,True,8.0,0.0,0.0,0.0,0.0,19.0,5.0
ucdp-112__2024-03-18,ucdp:112,Government of Sudan,8,2024-03-18,4.0,4,2024-04-15,True,10.0,2.0,2.0,0.0,0.0,27.0,8.0
ucdp-112__2024-03-18,ucdp:112,Government of Sudan,8,2024-03-18,4.0,5,2024-04-22,True,2.0,5.0,2.0,0.0,0.0,7.0,2.0
ucdp-112__2024-03-18,ucdp:112,Government of Sudan,8,2024-03-18,4.0,6,2024-04-29,True,3.0,7.0,0.0,0.0,0.0,7.0,3.0
ucdp-112__2024-03-18,ucdp:112,Government of Sudan,8,2024-03-18,4.0,7,2024-05-06,True,14.0,5.0,0.0,0.0,0.0,94.0,7.0
ucdp-112__2024-03-18,ucdp:112,Government of Sudan,8,2024-03-18,4.0,8,2024-05-13,True,8.0,1.0,1.0,0.0,0.0,25.0,7.0
ucdp-112__2025-06-02,ucdp:112,Government of Sudan,9,2025-06-02,4.0,-8,2025-04-07,True,16.0,10.0,1.0,3.0,98.0,121.0,9.0
ucdp-112__2025-06-02,ucdp:112,Government of Sudan,9,2025-06-02,4.0,-7,2025-04-14,True,11.0,55.0,2.0,1.0,1.0,128.0,7.0
ucdp-112__2025-06-02,ucdp:112,Government of Sudan,9,2025-06-02,4.0,-6,2025-04-21,True,11.0,74.0,2.0,0.0,0.0,84.0,7.0
ucdp-112__2025-06-02,ucdp:112,Government of Sudan,9,2025-06-02,4.0,-5,2025-04-28,True,13.0,221.0,9.0,0.0,0.0,19.0,5.0
ucdp-112__2025-06-02,ucdp:112,Government of Sudan,9,2025-06-02,4.0,-4,2025-05-05,True,7.0,0.0,0.0,0.0,0.0,16.0,4.0
ucdp-112__2025-06-02,ucdp:112,Government of Sudan,9,2025-06-02,4.0,-3,2025-05-12,True,12.0,204.0,204.0,2.0,26.0,85.0,9.0
ucdp-112__2025-06-02,ucdp:112,Government of Sudan,9,2025-06-02,4.0,-2,2025-05-19,True,4.0,1.0,0.0,0.0,0.0,0.0,2.0
ucdp-112__2025-06-02,ucdp:112,Government of Sudan,9,2025-06-02,4.0,-1,2025-05-26,True,10.0,204.0,4.0,0.0,0.0,76.0,8.0
ucdp-112__2025-06-02,ucdp:112,Government of Sudan,9,2025-06-02,4.0,0,2025-06-02,True,3.0,0.0,0.0,1.0,4.0,9.0,3.0
ucdp-112__2025-06-02,ucdp:112,Government of Sudan,9,2025-06-02,4.0,1,2025-06-09,True,13.0,52.0,7.0,0.0,0.0,50.0,8.0
ucdp-112__2025-06-02,ucdp:112,Government of Sudan,9,2025-06-02,4.0,2,2025-06-16,True,4.0,1.0,0.0,0.0,0.0,66.0,4.0
ucdp-112__2025-06-02,ucdp:112,Government of Sudan,9,2025-06-02,4.0,3,2025-06-23,True,8.0,29.0,0.0,0.0,0.0,21.0,7.0
ucdp-112__2025-06-02,ucdp:112,Government of Sudan,9,2025-06-02,4.0,4,2025-06-30,True,3.0,1.0,0.0,0.0,0.0,14.0,3.0
ucdp-112__2025-06-02,ucdp:112,Government of Sudan,9,2025-06-02,4.0,5,2025-07-07,True,9.0,236.0,1.0,0.0,0.0,60.0,5.0
ucdp-112__2025-06-02,ucdp:112,Government of Sudan,9,2025-06-02,4.0,6,2025-07-14,True,7.0,206.0,0.0,0.0,0.0,22.0,4.0
ucdp-112__2025-06-02,ucdp:112,Government of Sudan,9,2025-06-02,4.0,7,2025-07-21,True,6.0,3.0,0.0,0.0,0.0,19.0,4.0
ucdp-112__2025-06-02,ucdp:112,Government of Sudan,9,2025-06-02,4.0,8,2025-07-28,True,9.0,27.0,24.0,0.0,0.0,24.0,8.0
ucdp-112__2025-10-13,ucdp:112,Government of Sudan,10,2025-10-13,3.0,-8,2025-08-18,True,6.0,26.0,3.0,0.0,0.0,9.0,5.0
ucdp-112__2025-10-13,ucdp:112,Government of Sudan,10,2025-10-13,3.0,-7,2025-08-25,True,10.0,35.0,5.0,0.0,0.0,49.0,7.0
ucdp-112__2025-10-13,ucdp:112,Government of Sudan,10,2025-10-13,3.0,-6,2025-09-01,True,6.0,2.0,0.0,0.0,0.0,46.0,4.0
ucdp-112__2025-10-13,ucdp:112,Government of Sudan,10,2025-10-13,3.0,-5,2025-09-08,True,12.0,32.0,1.0,0.0,0.0,25.0,7.0
ucdp-112__2025-10-13,ucdp:112,Government of Sudan,10,2025-10-13,3.0,-4,2025-09-15,True,8.0,218.0,15.0,0.0,0.0,76.0,3.0
ucdp-112__2025-10-13,ucdp:112,Government of Sudan,10,2025-10-13,3.0,-3,2025-09-22,True,8.0,208.0,0.0,0.0,0.0,23.0,3.0
ucdp-112__2025-10-13,ucdp:112,Government of Sudan,10,2025-10-13,3.0,-2,2025-09-29,True,8.0,10.0,0.0,0.0,0.0,72.0,5.0
ucdp-112__2025-10-13,ucdp:112,Government of Sudan,10,2025-10-13,3.0,-1,2025-10-06,True,18.0,199.0,3.0,0.0,0.0,133.0,11.0
ucdp-112__2025-10-13,ucdp:112,Government of Sudan,10,2025-10-13,3.0,0,2025-10-13,True,19.0,159.0,39.0,1.0,3.0,37.0,16.0
ucdp-112__2025-10-13,ucdp:112,Government of Sudan,10,2025-10-13,3.0,1,2025-10-20,True,23.0,89.0,78.0,0.0,0.0,372.0,11.0
ucdp-112__2025-10-13,ucdp:112,Government of Sudan,10,2025-10-13,3.0,2,2025-10-27,True,8.0,4.0,0.0,0.0,0.0,27.0,8.0
ucdp-112__2025-10-13,ucdp:112,Government of Sudan,10,2025-10-13,3.0,3,2025-11-03,True,15.0,23.0,4.0,0.0,0.0,74.0,7.0
ucdp-112__2025-10-13,ucdp:112,Government of Sudan,10,2025-10-13,3.0,4,2025-11-10,True,11.0,97.0,41.0,0.0,0.0,22.0,7.0
ucdp-112__2025-10-13,ucdp:112,Government of Sudan,10,2025-10-13,3.0,5,2025-11-17,True,14.0,37.0,8.0,0.0,0.0,0.0,8.0
ucdp-112__2025-10-13,ucdp:112,Government of Sudan,10,2025-10-13,3.0,6,2025-11-24,True,8.0,216.0,21.0,0.0,0.0,12.0,5.0
ucdp-112__2025-10-13,ucdp:112,Government of Sudan,10,2025-10-13,3.0,7,2025-12-01,True,6.0,109.0,80.0,0.0,0.0,77.0,6.0
ucdp-112__2025-10-13,ucdp:112,Government of Sudan,10,2025-10-13,3.0,8,2025-12-08,True,9.0,26.0,4.0,0.0,0.0,80.0,7.0
ucdp-57__2025-09-08,ucdp:57,Government of Russia (Soviet Union),1,2025-09-08,7.0,-8,2025-07-14,True,0.0,0.0,0.0,0.0,0.0,0.0,0.0
ucdp-57__2025-09-08,ucdp:57,Government of Russia (Soviet Union),1,2025-09-08,7.0,-7,2025-07-21,True,0.0,0.0,0.0,0.0,0.0,0.0,0.0
ucdp-57__2025-09-08,ucdp:57,Government of Russia (Soviet Union),1,2025-09-08,7.0,-6,2025-07-28,True,0.0,0.0,0.0,0.0,0.0,0.0,0.0
ucdp-57__2025-09-08,ucdp:57,Government of Russia (Soviet Union),1,2025-09-08,7.0,-5,2025-08-04,True,0.0,0.0,0.0,0.0,0.0,0.0,0.0
ucdp-57__2025-09-08,ucdp:57,Government of Russia (Soviet Union),1,2025-09-08,7.0,-4,2025-08-11,True,0.0,0.0,0.0,0.0,0.0,0.0,0.0
ucdp-57__2025-09-08,ucdp:57,Government of Russia (Soviet Union),1,2025-09-08,7.0,-3,2025-08-18,True,0.0,0.0,0.0,0.0,0.0,0.0,0.0
ucdp-57__2025-09-08,ucdp:57,Government of Russia (Soviet Union),1,2025-09-08,7.0,-2,2025-08-25,True,0.0,0.0,0.0,0.0,0.0,0.0,0.0
ucdp-57__2025-09-08,ucdp:57,Government of Russia (Soviet Union),1,2025-09-08,7.0,-1,2025-09-01,True,0.0,0.0,0.0,0.0,0.0,0.0,0.0
ucdp-57__2025-09-08,ucdp:57,Government of Russia (Soviet Union),1,2025-09-08,7.0,0,2025-09-08,True,0.0,0.0,0.0,2.0,7.0,7.0,1.0
ucdp-57__2025-09-08,ucdp:57,Government of Russia (Soviet Union),1,2025-09-08,7.0,1,2025-09-15,True,0.0,0.0,0.0,0.0,0.0,0.0,0.0
ucdp-57__2025-09-08,ucdp:57,Government of Russia (Soviet Union),1,2025-09-08,7.0,2,2025-09-22,True,0.0,0.0,0.0,0.0,0.0,0.0,0.0
ucdp-57__2025-09-08,ucdp:57,Government of Russia (Soviet Union),1,2025-09-08,7.0,3,2025-09-29,True,0.0,0.0,0.0,0.0,0.0,0.0,0.0
ucdp-57__2025-09-08,ucdp:57,Government of Russia (Soviet Union),1,2025-09-08,7.0,4,2025-10-06,True,0.0,0.0,0.0,0.0,0.0,0.0,0.0
ucdp-57__2025-09-08,ucdp:57,Government of Russia (Soviet Union),1,2025-09-08,7.0,5,2025-10-13,True,0.0,0.0,0.0,0.0,0.0,0.0,0.0
ucdp-57__2025-09-08,ucdp:57,Government of Russia (Soviet Union),1,2025-09-08,7.0,6,2025-10-20,True,0.0,0.0,0.0,0.0,0.0,0.0,0.0
ucdp-57__2025-09-08,ucdp:57,Government of Russia (Soviet Union),1,2025-09-08,7.0,7,2025-10-27,True,0.0,0.0,0.0,0.0,0.0,0.0,0.0
ucdp-57__2025-09-08,ucdp:57,Government of Russia (Soviet Union),1,2025-09-08,7.0,8,2025-11-03,True,0.0,0.0,0.0,0.0,0.0,0.0,0.0
ucdp-8635__2023-10-30,ucdp:8635,RSF,1,2023-10-30,1040.0,-8,2023-09-04,True,9.0,0.0,0.0,0.0,0.0,42.0,5.0
ucdp-8635__2023-10-30,ucdp:8635,RSF,1,2023-10-30,1040.0,-7,2023-09-11,True,9.0,2.0,0.0,1.0,3.0,23.0,5.0
ucdp-8635__2023-10-30,ucdp:8635,RSF,1,2023-10-30,1040.0,-6,2023-09-18,True,14.0,0.0,0.0,0.0,0.0,30.0,6.0
ucdp-8635__2023-10-30,ucdp:8635,RSF,1,2023-10-30,1040.0,-5,2023-09-25,True,14.0,4.0,2.0,1.0,24.0,84.0,8.0
ucdp-8635__2023-10-30,ucdp:8635,RSF,1,2023-10-30,1040.0,-4,2023-10-02,True,7.0,2.0,0.0,2.0,2.0,27.0,5.0
ucdp-8635__2023-10-30,ucdp:8635,RSF,1,2023-10-30,1040.0,-3,2023-10-09,True,5.0,1.0,0.0,0.0,0.0,8.0,4.0
ucdp-8635__2023-10-30,ucdp:8635,RSF,1,2023-10-30,1040.0,-2,2023-10-16,True,2.0,0.0,0.0,1.0,2.0,4.0,3.0
ucdp-8635__2023-10-30,ucdp:8635,RSF,1,2023-10-30,1040.0,-1,2023-10-23,True,10.0,27.0,24.0,1.0,10.0,19.0,8.0
ucdp-8635__2023-10-30,ucdp:8635,RSF,1,2023-10-30,1040.0,0,2023-10-30,True,12.0,6.0,0.0,5.0,1040.0,1067.0,9.0
ucdp-8635__2023-10-30,ucdp:8635,RSF,1,2023-10-30,1040.0,1,2023-11-06,True,8.0,1.0,0.0,3.0,69.0,145.0,6.0
ucdp-8635__2023-10-30,ucdp:8635,RSF,1,2023-10-30,1040.0,2,2023-11-13,True,1.0,3.0,0.0,0.0,0.0,0.0,1.0
ucdp-8635__2023-10-30,ucdp:8635,RSF,1,2023-10-30,1040.0,3,2023-11-20,True,5.0,0.0,0.0,0.0,0.0,42.0,4.0
ucdp-8635__2023-10-30,ucdp:8635,RSF,1,2023-10-30,1040.0,4,2023-11-27,True,3.0,1.0,0.0,0.0,0.0,8.0,3.0
ucdp-8635__2023-10-30,ucdp:8635,RSF,1,2023-10-30,1040.0,5,2023-12-04,True,4.0,0.0,0.0,1.0,4.0,13.0,5.0
ucdp-8635__2023-10-30,ucdp:8635,RSF,1,2023-10-30,1040.0,6,2023-12-11,True,5.0,2.0,2.0,1.0,13.0,20.0,5.0
ucdp-8635__2023-10-30,ucdp:8635,RSF,1,2023-10-30,1040.0,7,2023-12-18,True,1.0,0.0,0.0,3.0,5.0,7.0,4.0
ucdp-8635__2023-10-30,ucdp:8635,RSF,1,2023-10-30,1040.0,8,2023-12-25,True,2.0,0.0,0.0,3.0,10.0,40.0,5.0
ucdp-8635__2023-06-12,ucdp:8635,RSF,2,2023-06-12,563.0,-8,2023-04-17,True,4.0,5.0,0.0,1.0,165.0,243.0,4.0
ucdp-8635__2023-06-12,ucdp:8635,RSF,2,2023-06-12,563.0,-7,2023-04-24,True,8.0,1.0,0.0,9.0,25.0,33.0,2.0
ucdp-8635__2023-06-12,ucdp:8635,RSF,2,2023-06-12,563.0,-6,2023-05-01,True,4.0,5.0,0.0,0.0,0.0,4.0,3.0
ucdp-8635__2023-06-12,ucdp:8635,RSF,2,2023-06-12,563.0,-5,2023-05-08,True,3.0,0.0,0.0,1.0,14.0,34.0,1.0
ucdp-8635__2023-06-12,ucdp:8635,RSF,2,2023-06-12,563.0,-4,2023-05-15,True,5.0,0.0,0.0,1.0,1.0,26.0,4.0
ucdp-8635__2023-06-12,ucdp:8635,RSF,2,2023-06-12,563.0,-3,2023-05-22,True,9.0,21.0,0.0,1.0,28.0,29.0,8.0
ucdp-8635__2023-06-12,ucdp:8635,RSF,2,2023-06-12,563.0,-2,2023-05-29,True,7.0,0.0,0.0,1.0,20.0,79.0,5.0
ucdp-8635__2023-06-12,ucdp:8635,RSF,2,2023-06-12,563.0,-1,2023-06-05,True,8.0,1.0,0.0,5.0,76.0,122.0,6.0
ucdp-8635__2023-06-12,ucdp:8635,RSF,2,2023-06-12,563.0,0,2023-06-12,True,12.0,1.0,0.0,9.0,563.0,647.0,8.0
ucdp-8635__2023-06-12,ucdp:8635,RSF,2,2023-06-12,563.0,1,2023-06-19,True,6.0,0.0,0.0,0.0,0.0,67.0,5.0
ucdp-8635__2023-06-12,ucdp:8635,RSF,2,2023-06-12,563.0,2,2023-06-26,True,2.0,1.0,1.0,3.0,10.0,11.0,4.0
ucdp-8635__2023-06-12,ucdp:8635,RSF,2,2023-06-12,563.0,3,2023-07-03,True,10.0,4.0,2.0,1.0,3.0,81.0,8.0
ucdp-8635__2023-06-12,ucdp:8635,RSF,2,2023-06-12,563.0,4,2023-07-10,True,8.0,2.0,0.0,1.0,1.0,17.0,6.0
ucdp-8635__2023-06-12,ucdp:8635,RSF,2,2023-06-12,563.0,5,2023-07-17,True,7.0,21.0,20.0,4.0,4.0,24.0,8.0
ucdp-8635__2023-06-12,ucdp:8635,RSF,2,2023-06-12,563.0,6,2023-07-24,True,8.0,2.0,2.0,2.0,201.0,209.0,6.0
ucdp-8635__2023-06-12,ucdp:8635,RSF,2,2023-06-12,563.0,7,2023-07-31,True,6.0,31.0,31.0,1.0,1.0,15.0,5.0
ucdp-8635__2023-06-12,ucdp:8635,RSF,2,2023-06-12,563.0,8,2023-08-07,True,11.0,32.0,26.0,1.0,1.0,87.0,5.0
ucdp-8635__2025-02-10,ucdp:8635,RSF,3,2025-02-10,221.0,-8,2024-12-16,True,13.0,26.0,25.0,4.0,56.0,89.0,13.0
ucdp-8635__2025-02-10,ucdp:8635,RSF,3,2025-02-10,221.0,-7,2024-12-23,True,12.0,11.0,0.0,3.0,4.0,46.0,9.0
ucdp-8635__2025-02-10,ucdp:8635,RSF,3,2025-02-10,221.0,-6,2024-12-30,True,14.0,23.0,21.0,5.0,27.0,58.0,13.0
ucdp-8635__2025-02-10,ucdp:8635,RSF,3,2025-02-10,221.0,-5,2025-01-06,True,13.0,0.0,0.0,2.0,5.0,68.0,11.0
ucdp-8635__2025-02-10,ucdp:8635,RSF,3,2025-02-10,221.0,-4,2025-01-13,True,15.0,288.0,288.0,6.0,61.0,217.0,15.0
ucdp-8635__2025-02-10,ucdp:8635,RSF,3,2025-02-10,221.0,-3,2025-01-20,True,9.0,0.0,0.0,1.0,1.0,61.0,6.0
ucdp-8635__2025-02-10,ucdp:8635,RSF,3,2025-02-10,221.0,-2,2025-01-27,True,17.0,141.0,141.0,4.0,23.0,114.0,13.0
ucdp-8635__2025-02-10,ucdp:8635,RSF,3,2025-02-10,221.0,-1,2025-02-03,True,8.0,1.0,1.0,2.0,5.0,42.0,9.0
ucdp-8635__2025-02-10,ucdp:8635,RSF,3,2025-02-10,221.0,0,2025-02-10,True,4.0,0.0,0.0,6.0,221.0,229.0,9.0
ucdp-8635__2025-02-10,ucdp:8635,RSF,3,2025-02-10,221.0,1,2025-02-17,True,8.0,87.0,86.0,3.0,24.0,49.0,7.0
ucdp-8635__2025-02-10,ucdp:8635,RSF,3,2025-02-10,221.0,2,2025-02-24,True,0.0,0.0,0.0,0.0,0.0,0.0,0.0
ucdp-8635__2025-02-10,ucdp:8635,RSF,3,2025-02-10,221.0,3,2025-03-03,True,0.0,0.0,0.0,0.0,0.0,0.0,0.0
ucdp-8635__2025-02-10,ucdp:8635,RSF,3,2025-02-10,221.0,4,2025-03-10,True,0.0,0.0,0.0,0.0,0.0,0.0,0.0
ucdp-8635__2025-02-10,ucdp:8635,RSF,3,2025-02-10,221.0,5,2025-03-17,True,0.0,0.0,0.0,0.0,0.0,0.0,0.0
ucdp-8635__2025-02-10,ucdp:8635,RSF,3,2025-02-10,221.0,6,2025-03-24,True,0.0,0.0,0.0,0.0,0.0,0.0,0.0
ucdp-8635__2025-02-10,ucdp:8635,RSF,3,2025-02-10,221.0,7,2025-03-31,True,0.0,0.0,0.0,0.0,0.0,0.0,0.0
ucdp-8635__2025-02-10,ucdp:8635,RSF,3,2025-02-10,221.0,8,2025-04-07,True,0.0,0.0,0.0,0.0,0.0,0.0,0.0
ucdp-8635__2023-07-24,ucdp:8635,RSF,4,2023-07-24,201.0,-8,2023-05-29,True,7.0,0.0,0.0,1.0,20.0,79.0,5.0
ucdp-8635__2023-07-24,ucdp:8635,RSF,4,2023-07-24,201.0,-7,2023-06-05,True,8.0,1.0,0.0,5.0,76.0,122.0,6.0
ucdp-8635__2023-07-24,ucdp:8635,RSF,4,2023-07-24,201.0,-6,2023-06-12,True,12.0,1.0,0.0,9.0,563.0,647.0,8.0
ucdp-8635__2023-07-24,ucdp:8635,RSF,4,2023-07-24,201.0,-5,2023-06-19,True,6.0,0.0,0.0,0.0,0.0,67.0,5.0
ucdp-8635__2023-07-24,ucdp:8635,RSF,4,2023-07-24,201.0,-4,2023-06-26,True,2.0,1.0,1.0,3.0,10.0,11.0,4.0
ucdp-8635__2023-07-24,ucdp:8635,RSF,4,2023-07-24,201.0,-3,2023-07-03,True,10.0,4.0,2.0,1.0,3.0,81.0,8.0
ucdp-8635__2023-07-24,ucdp:8635,RSF,4,2023-07-24,201.0,-2,2023-07-10,True,8.0,2.0,0.0,1.0,1.0,17.0,6.0
ucdp-8635__2023-07-24,ucdp:8635,RSF,4,2023-07-24,201.0,-1,2023-07-17,True,7.0,21.0,20.0,4.0,4.0,24.0,8.0
ucdp-8635__2023-07-24,ucdp:8635,RSF,4,2023-07-24,201.0,0,2023-07-24,True,8.0,2.0,2.0,2.0,201.0,209.0,6.0
ucdp-8635__2023-07-24,ucdp:8635,RSF,4,2023-07-24,201.0,1,2023-07-31,True,6.0,31.0,31.0,1.0,1.0,15.0,5.0
ucdp-8635__2023-07-24,ucdp:8635,RSF,4,2023-07-24,201.0,2,2023-08-07,True,11.0,32.0,26.0,1.0,1.0,87.0,5.0
ucdp-8635__2023-07-24,ucdp:8635,RSF,4,2023-07-24,201.0,3,2023-08-14,True,9.0,7.0,7.0,1.0,10.0,28.0,5.0
ucdp-8635__2023-07-24,ucdp:8635,RSF,4,2023-07-24,201.0,4,2023-08-21,True,9.0,1.0,0.0,1.0,2.0,118.0,4.0
ucdp-8635__2023-07-24,ucdp:8635,RSF,4,2023-07-24,201.0,5,2023-08-28,True,14.0,7.0,7.0,3.0,3.0,110.0,5.0
ucdp-8635__2023-07-24,ucdp:8635,RSF,4,2023-07-24,201.0,6,2023-09-04,True,9.0,0.0,0.0,0.0,0.0,42.0,5.0
ucdp-8635__2023-07-24,ucdp:8635,RSF,4,2023-07-24,201.0,7,2023-09-11,True,9.0,2.0,0.0,1.0,3.0,23.0,5.0
ucdp-8635__2023-07-24,ucdp:8635,RSF,4,2023-07-24,201.0,8,2023-09-18,True,14.0,0.0,0.0,0.0,0.0,30.0,6.0
ucdp-8635__2024-10-21,ucdp:8635,RSF,5,2024-10-21,183.0,-8,2024-08-26,True,10.0,0.0,0.0,2.0,4.0,33.0,11.0
ucdp-8635__2024-10-21,ucdp:8635,RSF,5,2024-10-21,183.0,-7,2024-09-02,True,8.0,0.0,0.0,5.0,5.0,31.0,11.0
ucdp-8635__2024-10-21,ucdp:8635,RSF,5,2024-10-21,183.0,-6,2024-09-09,True,10.0,84.0,80.0,3.0,42.0,73.0,8.0
ucdp-8635__2024-10-21,ucdp:8635,RSF,5,2024-10-21,183.0,-5,2024-09-16,True,13.0,2.0,1.0,5.0,14.0,90.0,12.0
ucdp-8635__2024-10-21,ucdp:8635,RSF,5,2024-10-21,183.0,-4,2024-09-23,True,18.0,15.0,3.0,3.0,3.0,29.0,11.0
ucdp-8635__2024-10-21,ucdp:8635,RSF,5,2024-10-21,183.0,-3,2024-09-30,True,17.0,21.0,18.0,3.0,42.0,137.0,17.0
ucdp-8635__2024-10-21,ucdp:8635,RSF,5,2024-10-21,183.0,-2,2024-10-07,True,15.0,18.0,2.0,7.0,48.0,111.0,16.0
ucdp-8635__2024-10-21,ucdp:8635,RSF,5,2024-10-21,183.0,-1,2024-10-14,True,8.0,25.0,24.0,4.0,36.0,87.0,11.0
ucdp-8635__2024-10-21,ucdp:8635,RSF,5,2024-10-21,183.0,0,2024-10-21,True,11.0,1.0,0.0,8.0,183.0,227.0,14.0
ucdp-8635__2024-10-21,ucdp:8635,RSF,5,2024-10-21,183.0,1,2024-10-28,True,10.0,0.0,0.0,10.0,89.0,156.0,19.0
ucdp-8635__2024-10-21,ucdp:8635,RSF,5,2024-10-21,183.0,2,2024-11-04,True,11.0,0.0,0.0,5.0,17.0,74.0,12.0
ucdp-8635__2024-10-21,ucdp:8635,RSF,5,2024-10-21,183.0,3,2024-11-11,True,12.0,161.0,155.0,3.0,19.0,30.0,10.0
ucdp-8635__2024-10-21,ucdp:8635,RSF,5,2024-10-21,183.0,4,2024-11-18,True,8.0,0.0,0.0,4.0,60.0,85.0,10.0
ucdp-8635__2024-10-21,ucdp:8635,RSF,5,2024-10-21,183.0,5,2024-11-25,True,6.0,2.0,2.0,3.0,129.0,142.0,6.0
ucdp-8635__2024-10-21,ucdp:8635,RSF,5,2024-10-21,183.0,6,2024-12-02,True,11.0,0.0,0.0,5.0,47.0,121.0,15.0
ucdp-8635__2024-10-21,ucdp:8635,RSF,5,2024-10-21,183.0,7,2024-12-09,True,14.0,0.0,0.0,4.0,18.0,157.0,11.0
ucdp-8635__2024-10-21,ucdp:8635,RSF,5,2024-10-21,183.0,8,2024-12-16,True,13.0,26.0,25.0,4.0,56.0,89.0,13.0
ucdp-8635__2023-04-17,ucdp:8635,RSF,6,2023-04-17,165.0,-8,2023-02-20,False,,,,,,,
ucdp-8635__2023-04-17,ucdp:8635,RSF,6,2023-04-17,165.0,-7,2023-02-27,False,,,,,,,
ucdp-8635__2023-04-17,ucdp:8635,RSF,6,2023-04-17,165.0,-6,2023-03-06,False,,,,,,,
ucdp-8635__2023-04-17,ucdp:8635,RSF,6,2023-04-17,165.0,-5,2023-03-13,False,,,,,,,
ucdp-8635__2023-04-17,ucdp:8635,RSF,6,2023-04-17,165.0,-4,2023-03-20,False,,,,,,,
ucdp-8635__2023-04-17,ucdp:8635,RSF,6,2023-04-17,165.0,-3,2023-03-27,False,,,,,,,
ucdp-8635__2023-04-17,ucdp:8635,RSF,6,2023-04-17,165.0,-2,2023-04-03,False,,,,,,,
ucdp-8635__2023-04-17,ucdp:8635,RSF,6,2023-04-17,165.0,-1,2023-04-10,True,13.0,30.0,0.0,1.0,0.0,85.0,9.0
ucdp-8635__2023-04-17,ucdp:8635,RSF,6,2023-04-17,165.0,0,2023-04-17,True,4.0,5.0,0.0,1.0,165.0,243.0,4.0
ucdp-8635__2023-04-17,ucdp:8635,RSF,6,2023-04-17,165.0,1,2023-04-24,True,8.0,1.0,0.0,9.0,25.0,33.0,2.0
ucdp-8635__2023-04-17,ucdp:8635,RSF,6,2023-04-17,165.0,2,2023-05-01,True,4.0,5.0,0.0,0.0,0.0,4.0,3.0
ucdp-8635__2023-04-17,ucdp:8635,RSF,6,2023-04-17,165.0,3,2023-05-08,True,3.0,0.0,0.0,1.0,14.0,34.0,1.0
ucdp-8635__2023-04-17,ucdp:8635,RSF,6,2023-04-17,165.0,4,2023-05-15,True,5.0,0.0,0.0,1.0,1.0,26.0,4.0
ucdp-8635__2023-04-17,ucdp:8635,RSF,6,2023-04-17,165.0,5,2023-05-22,True,9.0,21.0,0.0,1.0,28.0,29.0,8.0
ucdp-8635__2023-04-17,ucdp:8635,RSF,6,2023-04-17,165.0,6,2023-05-29,True,7.0,0.0,0.0,1.0,20.0,79.0,5.0
ucdp-8635__2023-04-17,ucdp:8635,RSF,6,2023-04-17,165.0,7,2023-06-05,True,8.0,1.0,0.0,5.0,76.0,122.0,6.0
ucdp-8635__2023-04-17,ucdp:8635,RSF,6,2023-04-17,165.0,8,2023-06-12,True,12.0,1.0,0.0,9.0,563.0,647.0,8.0
ucdp-8635__2024-08-12,ucdp:8635,RSF,7,2024-08-12,110.0,-8,2024-06-17,True,14.0,5.0,4.0,3.0,43.0,109.0,10.0
ucdp-8635__2024-08-12,ucdp:8635,RSF,7,2024-08-12,110.0,-7,2024-06-24,True,15.0,16.0,7.0,2.0,45.0,88.0,7.0
ucdp-8635__2024-08-12,ucdp:8635,RSF,7,2024-08-12,110.0,-6,2024-07-01,True,9.0,8.0,3.0,2.0,3.0,42.0,7.0
ucdp-8635__2024-08-12,ucdp:8635,RSF,7,2024-08-12,110.0,-5,2024-07-08,True,7.0,19.0,15.0,3.0,28.0,44.0,9.0
ucdp-8635__2024-08-12,ucdp:8635,RSF,7,2024-08-12,110.0,-4,2024-07-15,True,5.0,23.0,6.0,1.0,12.0,44.0,5.0
ucdp-8635__2024-08-12,ucdp:8635,RSF,7,2024-08-12,110.0,-3,2024-07-22,True,8.0,4.0,1.0,6.0,41.0,70.0,9.0
ucdp-8635__2024-08-12,ucdp:8635,RSF,7,2024-08-12,110.0,-2,2024-07-29,True,10.0,54.0,48.0,2.0,34.0,68.0,8.0
ucdp-8635__2024-08-12,ucdp:8635,RSF,7,2024-08-12,110.0,-1,2024-08-05,True,13.0,4.0,3.0,3.0,31.0,74.0,9.0
ucdp-8635__2024-08-12,ucdp:8635,RSF,7,2024-08-12,110.0,0,2024-08-12,True,6.0,5.0,0.0,5.0,110.0,139.0,11.0
ucdp-8635__2024-08-12,ucdp:8635,RSF,7,2024-08-12,110.0,1,2024-08-19,True,8.0,6.0,6.0,4.0,4.0,43.0,9.0
ucdp-8635__2024-08-12,ucdp:8635,RSF,7,2024-08-12,110.0,2,2024-08-26,True,10.0,0.0,0.0,2.0,4.0,33.0,11.0
ucdp-8635__2024-08-12,ucdp:8635,RSF,7,2024-08-12,110.0,3,2024-09-02,True,8.0,0.0,0.0,5.0,5.0,31.0,11.0
ucdp-8635__2024-08-12,ucdp:8635,RSF,7,2024-08-12,110.0,4,2024-09-09,True,10.0,84.0,80.0,3.0,42.0,73.0,8.0
ucdp-8635__2024-08-12,ucdp:8635,RSF,7,2024-08-12,110.0,5,2024-09-16,True,13.0,2.0,1.0,5.0,14.0,90.0,12.0
ucdp-8635__2024-08-12,ucdp:8635,RSF,7,2024-08-12,110.0,6,2024-09-23,True,18.0,15.0,3.0,3.0,3.0,29.0,11.0
ucdp-8635__2024-08-12,ucdp:8635,RSF,7,2024-08-12,110.0,7,2024-09-30,True,17.0,21.0,18.0,3.0,42.0,137.0,17.0
ucdp-8635__2024-08-12,ucdp:8635,RSF,7,2024-08-12,110.0,8,2024-10-07,True,15.0,18.0,2.0,7.0,48.0,111.0,16.0
ucdp-8635__2024-02-05,ucdp:8635,RSF,8,2024-02-05,94.0,-8,2023-12-11,True,5.0,2.0,2.0,1.0,13.0,20.0,5.0
ucdp-8635__2024-02-05,ucdp:8635,RSF,8,2024-02-05,94.0,-7,2023-12-18,True,1.0,0.0,0.0,3.0,5.0,7.0,4.0
ucdp-8635__2024-02-05,ucdp:8635,RSF,8,2024-02-05,94.0,-6,2023-12-25,True,2.0,0.0,0.0,3.0,10.0,40.0,5.0
ucdp-8635__2024-02-05,ucdp:8635,RSF,8,2024-02-05,94.0,-5,2024-01-01,True,6.0,3.0,3.0,7.0,56.0,73.0,11.0
ucdp-8635__2024-02-05,ucdp:8635,RSF,8,2024-02-05,94.0,-4,2024-01-08,True,12.0,3.0,3.0,2.0,7.0,68.0,11.0
ucdp-8635__2024-02-05,ucdp:8635,RSF,8,2024-02-05,94.0,-3,2024-01-15,True,4.0,0.0,0.0,0.0,0.0,19.0,4.0
ucdp-8635__2024-02-05,ucdp:8635,RSF,8,2024-02-05,94.0,-2,2024-01-22,True,14.0,6.0,6.0,0.0,0.0,30.0,8.0
ucdp-8635__2024-02-05,ucdp:8635,RSF,8,2024-02-05,94.0,-1,2024-01-29,True,3.0,10.0,10.0,13.0,64.0,69.0,11.0
ucdp-8635__2024-02-05,ucdp:8635,RSF,8,2024-02-05,94.0,0,2024-02-05,True,3.0,0.0,0.0,8.0,94.0,94.0,10.0
ucdp-8635__2024-02-05,ucdp:8635,RSF,8,2024-02-05,94.0,1,2024-02-12,True,0.0,0.0,0.0,4.0,65.0,65.0,4.0
ucdp-8635__2024-02-05,ucdp:8635,RSF,8,2024-02-05,94.0,2,2024-02-19,True,5.0,1.0,0.0,3.0,30.0,46.0,7.0
ucdp-8635__2024-02-05,ucdp:8635,RSF,8,2024-02-05,94.0,3,2024-02-26,True,1.0,0.0,0.0,3.0,17.0,18.0,4.0
ucdp-8635__2024-02-05,ucdp:8635,RSF,8,2024-02-05,94.0,4,2024-03-04,True,3.0,0.0,0.0,5.0,21.0,23.0,7.0
ucdp-8635__2024-02-05,ucdp:8635,RSF,8,2024-02-05,94.0,5,2024-03-11,True,4.0,0.0,0.0,4.0,12.0,34.0,7.0
ucdp-8635__2024-02-05,ucdp:8635,RSF,8,2024-02-05,94.0,6,2024-03-18,True,6.0,27.0,27.0,6.0,7.0,16.0,9.0
ucdp-8635__2024-02-05,ucdp:8635,RSF,8,2024-02-05,94.0,7,2024-03-25,True,4.0,36.0,36.0,8.0,54.0,66.0,10.0
ucdp-8635__2024-02-05,ucdp:8635,RSF,8,2024-02-05,94.0,8,2024-04-01,True,7.0,0.0,0.0,4.0,67.0,74.0,9.0
ucdp-8635__2024-04-01,ucdp:8635,RSF,9,2024-04-01,67.0,-8,2024-02-05,True,3.0,0.0,0.0,8.0,94.0,94.0,10.0
ucdp-8635__2024-04-01,ucdp:8635,RSF,9,2024-04-01,67.0,-7,2024-02-12,True,0.0,0.0,0.0,4.0,65.0,65.0,4.0
ucdp-8635__2024-04-01,ucdp:8635,RSF,9,2024-04-01,67.0,-6,2024-02-19,True,5.0,1.0,0.0,3.0,30.0,46.0,7.0
ucdp-8635__2024-04-01,ucdp:8635,RSF,9,2024-04-01,67.0,-5,2024-02-26,True,1.0,0.0,0.0,3.0,17.0,18.0,4.0
ucdp-8635__2024-04-01,ucdp:8635,RSF,9,2024-04-01,67.0,-4,2024-03-04,True,3.0,0.0,0.0,5.0,21.0,23.0,7.0
ucdp-8635__2024-04-01,ucdp:8635,RSF,9,2024-04-01,67.0,-3,2024-03-11,True,4.0,0.0,0.0,4.0,12.0,34.0,7.0
ucdp-8635__2024-04-01,ucdp:8635,RSF,9,2024-04-01,67.0,-2,2024-03-18,True,6.0,27.0,27.0,6.0,7.0,16.0,9.0
ucdp-8635__2024-04-01,ucdp:8635,RSF,9,2024-04-01,67.0,-1,2024-03-25,True,4.0,36.0,36.0,8.0,54.0,66.0,10.0
ucdp-8635__2024-04-01,ucdp:8635,RSF,9,2024-04-01,67.0,0,2024-04-01,True,7.0,0.0,0.0,4.0,67.0,74.0,9.0
ucdp-8635__2024-04-01,ucdp:8635,RSF,9,2024-04-01,67.0,1,2024-04-08,True,8.0,0.0,0.0,2.0,17.0,36.0,6.0
ucdp-8635__2024-04-01,ucdp:8635,RSF,9,2024-04-01,67.0,2,2024-04-15,True,10.0,2.0,0.0,4.0,46.0,73.0,11.0
ucdp-8635__2024-04-01,ucdp:8635,RSF,9,2024-04-01,67.0,3,2024-04-22,True,2.0,5.0,3.0,1.0,1.0,8.0,3.0
ucdp-8635__2024-04-01,ucdp:8635,RSF,9,2024-04-01,67.0,4,2024-04-29,True,3.0,7.0,7.0,2.0,17.0,24.0,4.0
ucdp-8635__2024-04-01,ucdp:8635,RSF,9,2024-04-01,67.0,5,2024-05-06,True,14.0,5.0,5.0,5.0,25.0,119.0,11.0
ucdp-8635__2024-04-01,ucdp:8635,RSF,9,2024-04-01,67.0,6,2024-05-13,True,8.0,1.0,0.0,5.0,26.0,51.0,12.0
ucdp-8635__2024-04-01,ucdp:8635,RSF,9,2024-04-01,67.0,7,2024-05-20,True,15.0,22.0,8.0,6.0,30.0,106.0,9.0
ucdp-8635__2024-04-01,ucdp:8635,RSF,9,2024-04-01,67.0,8,2024-05-27,True,12.0,25.0,18.0,2.0,2.0,38.0,10.0
ucdp-8635__2024-12-16,ucdp:8635,RSF,10,2024-12-16,56.0,-8,2024-10-21,True,11.0,1.0,0.0,8.0,183.0,227.0,14.0
ucdp-8635__2024-12-16,ucdp:8635,RSF,10,2024-12-16,56.0,-7,2024-10-28,True,10.0,0.0,0.0,10.0,89.0,156.0,19.0
ucdp-8635__2024-12-16,ucdp:8635,RSF,10,2024-12-16,56.0,-6,2024-11-04,True,11.0,0.0,0.0,5.0,17.0,74.0,12.0
ucdp-8635__2024-12-16,ucdp:8635,RSF,10,2024-12-16,56.0,-5,2024-11-11,True,12.0,161.0,155.0,3.0,19.0,30.0,10.0
ucdp-8635__2024-12-16,ucdp:8635,RSF,10,2024-12-16,56.0,-4,2024-11-18,True,8.0,0.0,0.0,4.0,60.0,85.0,10.0
ucdp-8635__2024-12-16,ucdp:8635,RSF,10,2024-12-16,56.0,-3,2024-11-25,True,6.0,2.0,2.0,3.0,129.0,142.0,6.0
ucdp-8635__2024-12-16,ucdp:8635,RSF,10,2024-12-16,56.0,-2,2024-12-02,True,11.0,0.0,0.0,5.0,47.0,121.0,15.0
ucdp-8635__2024-12-16,ucdp:8635,RSF,10,2024-12-16,56.0,-1,2024-12-09,True,14.0,0.0,0.0,4.0,18.0,157.0,11.0
ucdp-8635__2024-12-16,ucdp:8635,RSF,10,2024-12-16,56.0,0,2024-12-16,True,13.0,26.0,25.0,4.0,56.0,89.0,13.0
ucdp-8635__2024-12-16,ucdp:8635,RSF,10,2024-12-16,56.0,1,2024-12-23,True,12.0,11.0,0.0,3.0,4.0,46.0,9.0
ucdp-8635__2024-12-16,ucdp:8635,RSF,10,2024-12-16,56.0,2,2024-12-30,True,14.0,23.0,21.0,5.0,27.0,58.0,13.0
ucdp-8635__2024-12-16,ucdp:8635,RSF,10,2024-12-16,56.0,3,2025-01-06,True,13.0,0.0,0.0,2.0,5.0,68.0,11.0
ucdp-8635__2024-12-16,ucdp:8635,RSF,10,2024-12-16,56.0,4,2025-01-13,True,15.0,288.0,288.0,6.0,61.0,217.0,15.0
ucdp-8635__2024-12-16,ucdp:8635,RSF,10,2024-12-16,56.0,5,2025-01-20,True,9.0,0.0,0.0,1.0,1.0,61.0,6.0
ucdp-8635__2024-12-16,ucdp:8635,RSF,10,2024-12-16,56.0,6,2025-01-27,True,17.0,141.0,141.0,4.0,23.0,114.0,13.0
ucdp-8635__2024-12-16,ucdp:8635,RSF,10,2024-12-16,56.0,7,2025-02-03,True,8.0,1.0,1.0,2.0,5.0,42.0,9.0
ucdp-8635__2024-12-16,ucdp:8635,RSF,10,2024-12-16,56.0,8,2025-02-10,True,4.0,0.0,0.0,6.0,221.0,229.0,9.0
ucdp-9645__2025-10-20,ucdp:9645,SFA,1,2025-10-20,58746.0,-8,2025-08-25,True,10.0,35.0,30.0,0.0,0.0,49.0,7.0
ucdp-9645__2025-10-20,ucdp:9645,SFA,1,2025-10-20,58746.0,-7,2025-09-01,True,6.0,2.0,2.0,0.0,0.0,46.0,4.0
ucdp-9645__2025-10-20,ucdp:9645,SFA,1,2025-10-20,58746.0,-6,2025-09-08,True,12.0,32.0,31.0,2.0,11.0,36.0,8.0
ucdp-9645__2025-10-20,ucdp:9645,SFA,1,2025-10-20,58746.0,-5,2025-09-15,True,8.0,218.0,203.0,3.0,40.0,116.0,3.0
ucdp-9645__2025-10-20,ucdp:9645,SFA,1,2025-10-20,58746.0,-4,2025-09-22,True,8.0,208.0,208.0,1.0,3.0,26.0,4.0
ucdp-9645__2025-10-20,ucdp:9645,SFA,1,2025-10-20,58746.0,-3,2025-09-29,True,8.0,10.0,10.0,1.0,3.0,75.0,6.0
ucdp-9645__2025-10-20,ucdp:9645,SFA,1,2025-10-20,58746.0,-2,2025-10-06,True,18.0,199.0,196.0,4.0,12.0,145.0,14.0
ucdp-9645__2025-10-20,ucdp:9645,SFA,1,2025-10-20,58746.0,-1,2025-10-13,True,19.0,159.0,120.0,1.0,3.0,37.0,16.0
ucdp-9645__2025-10-20,ucdp:9645,SFA,1,2025-10-20,58746.0,0,2025-10-20,True,23.0,89.0,11.0,33.0,58746.0,59118.0,12.0
ucdp-9645__2025-10-20,ucdp:9645,SFA,1,2025-10-20,58746.0,1,2025-10-27,True,8.0,4.0,4.0,14.0,1194.0,1221.0,9.0
ucdp-9645__2025-10-20,ucdp:9645,SFA,1,2025-10-20,58746.0,2,2025-11-03,True,15.0,23.0,19.0,0.0,0.0,74.0,7.0
ucdp-9645__2025-10-20,ucdp:9645,SFA,1,2025-10-20,58746.0,3,2025-11-10,True,11.0,97.0,56.0,0.0,0.0,22.0,7.0
ucdp-9645__2025-10-20,ucdp:9645,SFA,1,2025-10-20,58746.0,4,2025-11-17,True,14.0,37.0,29.0,3.0,8.0,8.0,11.0
ucdp-9645__2025-10-20,ucdp:9645,SFA,1,2025-10-20,58746.0,5,2025-11-24,True,8.0,216.0,195.0,2.0,1.0,13.0,6.0
ucdp-9645__2025-10-20,ucdp:9645,SFA,1,2025-10-20,58746.0,6,2025-12-01,True,6.0,109.0,29.0,0.0,0.0,77.0,6.0
ucdp-9645__2025-10-20,ucdp:9645,SFA,1,2025-10-20,58746.0,7,2025-12-08,True,9.0,26.0,22.0,2.0,3.0,83.0,9.0
ucdp-9645__2025-10-20,ucdp:9645,SFA,1,2025-10-20,58746.0,8,2025-12-15,True,6.0,5.0,0.0,0.0,0.0,19.0,5.0
ucdp-9645__2025-04-07,ucdp:9645,SFA,2,2025-04-07,478.0,-8,2025-02-10,True,0.0,0.0,0.0,0.0,0.0,0.0,0.0
ucdp-9645__2025-04-07,ucdp:9645,SFA,2,2025-04-07,478.0,-7,2025-02-17,True,6.0,1.0,1.0,0.0,0.0,16.0,6.0
ucdp-9645__2025-04-07,ucdp:9645,SFA,2,2025-04-07,478.0,-6,2025-02-24,True,8.0,63.0,56.0,3.0,31.0,108.0,8.0
ucdp-9645__2025-04-07,ucdp:9645,SFA,2,2025-04-07,478.0,-5,2025-03-03,True,9.0,6.0,4.0,2.0,14.0,77.0,8.0
ucdp-9645__2025-04-07,ucdp:9645,SFA,2,2025-04-07,478.0,-4,2025-03-10,True,10.0,8.0,8.0,4.0,82.0,102.0,6.0
ucdp-9645__2025-04-07,ucdp:9645,SFA,2,2025-04-07,478.0,-3,2025-03-17,True,8.0,0.0,0.0,6.0,121.0,158.0,11.0
ucdp-9645__2025-04-07,ucdp:9645,SFA,2,2025-04-07,478.0,-2,2025-03-24,True,7.0,7.0,0.0,2.0,106.0,471.0,8.0
ucdp-9645__2025-04-07,ucdp:9645,SFA,2,2025-04-07,478.0,-1,2025-03-31,True,12.0,25.0,7.0,3.0,4.0,166.0,10.0
ucdp-9645__2025-04-07,ucdp:9645,SFA,2,2025-04-07,478.0,0,2025-04-07,True,16.0,10.0,9.0,18.0,478.0,501.0,12.0
ucdp-9645__2025-04-07,ucdp:9645,SFA,2,2025-04-07,478.0,1,2025-04-14,True,11.0,55.0,53.0,3.0,65.0,192.0,9.0
ucdp-9645__2025-04-07,ucdp:9645,SFA,2,2025-04-07,478.0,2,2025-04-21,True,11.0,74.0,72.0,2.0,144.0,228.0,8.0
ucdp-9645__2025-04-07,ucdp:9645,SFA,2,2025-04-07,478.0,3,2025-04-28,True,13.0,221.0,212.0,4.0,56.0,75.0,5.0
ucdp-9645__2025-04-07,ucdp:9645,SFA,2,2025-04-07,478.0,4,2025-05-05,True,7.0,0.0,0.0,1.0,6.0,22.0,4.0
ucdp-9645__2025-04-07,ucdp:9645,SFA,2,2025-04-07,478.0,5,2025-05-12,True,12.0,204.0,0.0,3.0,6.0,65.0,10.0
ucdp-9645__2025-04-07,ucdp:9645,SFA,2,2025-04-07,478.0,6,2025-05-19,True,4.0,1.0,1.0,2.0,6.0,6.0,4.0
ucdp-9645__2025-04-07,ucdp:9645,SFA,2,2025-04-07,478.0,7,2025-05-26,True,10.0,204.0,200.0,0.0,0.0,76.0,8.0
ucdp-9645__2025-04-07,ucdp:9645,SFA,2,2025-04-07,478.0,8,2025-06-02,True,3.0,0.0,0.0,0.0,0.0,5.0,2.0
ucdp-9645__2025-07-07,ucdp:9645,SFA,3,2025-07-07,450.0,-8,2025-05-12,True,12.0,204.0,0.0,3.0,6.0,65.0,10.0
ucdp-9645__2025-07-07,ucdp:9645,SFA,3,2025-07-07,450.0,-7,2025-05-19,True,4.0,1.0,1.0,2.0,6.0,6.0,4.0
ucdp-9645__2025-07-07,ucdp:9645,SFA,3,2025-07-07,450.0,-6,2025-05-26,True,10.0,204.0,200.0,0.0,0.0,76.0,8.0
ucdp-9645__2025-07-07,ucdp:9645,SFA,3,2025-07-07,450.0,-5,2025-06-02,True,3.0,0.0,0.0,0.0,0.0,5.0,2.0
ucdp-9645__2025-07-07,ucdp:9645,SFA,3,2025-07-07,450.0,-4,2025-06-09,True,13.0,52.0,45.0,1.0,4.0,54.0,9.0
ucdp-9645__2025-07-07,ucdp:9645,SFA,3,2025-07-07,450.0,-3,2025-06-16,True,4.0,1.0,1.0,0.0,0.0,66.0,4.0
ucdp-9645__2025-07-07,ucdp:9645,SFA,3,2025-07-07,450.0,-2,2025-06-23,True,8.0,29.0,29.0,3.0,38.0,59.0,8.0
ucdp-9645__2025-07-07,ucdp:9645,SFA,3,2025-07-07,450.0,-1,2025-06-30,True,3.0,1.0,1.0,0.0,0.0,14.0,3.0
ucdp-9645__2025-07-07,ucdp:9645,SFA,3,2025-07-07,450.0,0,2025-07-07,True,9.0,236.0,235.0,2.0,450.0,510.0,6.0
ucdp-9645__2025-07-07,ucdp:9645,SFA,3,2025-07-07,450.0,1,2025-07-14,True,7.0,206.0,206.0,0.0,0.0,22.0,4.0
ucdp-9645__2025-07-07,ucdp:9645,SFA,3,2025-07-07,450.0,2,2025-07-21,True,6.0,3.0,3.0,1.0,30.0,49.0,5.0
ucdp-9645__2025-07-07,ucdp:9645,SFA,3,2025-07-07,450.0,3,2025-07-28,True,9.0,27.0,3.0,4.0,21.0,45.0,9.0
ucdp-9645__2025-07-07,ucdp:9645,SFA,3,2025-07-07,450.0,4,2025-08-04,True,6.0,407.0,405.0,5.0,54.0,54.0,8.0
ucdp-9645__2025-07-07,ucdp:9645,SFA,3,2025-07-07,450.0,5,2025-08-11,True,10.0,230.0,230.0,2.0,13.0,96.0,7.0
ucdp-9645__2025-07-07,ucdp:9645,SFA,3,2025-07-07,450.0,6,2025-08-18,True,6.0,26.0,23.0,2.0,20.0,29.0,6.0
ucdp-9645__2025-07-07,ucdp:9645,SFA,3,2025-07-07,450.0,7,2025-08-25,True,10.0,35.0,30.0,0.0,0.0,49.0,7.0
ucdp-9645__2025-07-07,ucdp:9645,SFA,3,2025-07-07,450.0,8,2025-09-01,True,6.0,2.0,2.0,0.0,0.0,46.0,4.0
ucdp-9645__2025-12-22,ucdp:9645,SFA,4,2025-12-22,200.0,-8,2025-10-27,True,8.0,4.0,4.0,14.0,1194.0,1221.0,9.0
ucdp-9645__2025-12-22,ucdp:9645,SFA,4,2025-12-22,200.0,-7,2025-11-03,True,15.0,23.0,19.0,0.0,0.0,74.0,7.0
ucdp-9645__2025-12-22,ucdp:9645,SFA,4,2025-12-22,200.0,-6,2025-11-10,True,11.0,97.0,56.0,0.0,0.0,22.0,7.0
ucdp-9645__2025-12-22,ucdp:9645,SFA,4,2025-12-22,200.0,-5,2025-11-17,True,14.0,37.0,29.0,3.0,8.0,8.0,11.0
ucdp-9645__2025-12-22,ucdp:9645,SFA,4,2025-12-22,200.0,-4,2025-11-24,True,8.0,216.0,195.0,2.0,1.0,13.0,6.0
ucdp-9645__2025-12-22,ucdp:9645,SFA,4,2025-12-22,200.0,-3,2025-12-01,True,6.0,109.0,29.0,0.0,0.0,77.0,6.0
ucdp-9645__2025-12-22,ucdp:9645,SFA,4,2025-12-22,200.0,-2,2025-12-08,True,9.0,26.0,22.0,2.0,3.0,83.0,9.0
ucdp-9645__2025-12-22,ucdp:9645,SFA,4,2025-12-22,200.0,-1,2025-12-15,True,6.0,5.0,0.0,0.0,0.0,19.0,5.0
ucdp-9645__2025-12-22,ucdp:9645,SFA,4,2025-12-22,200.0,0,2025-12-22,True,4.0,0.0,0.0,4.0,200.0,208.0,8.0
ucdp-9645__2025-12-22,ucdp:9645,SFA,4,2025-12-22,200.0,1,2025-12-29,True,3.0,26.0,24.0,0.0,0.0,3.0,2.0
ucdp-9645__2025-12-22,ucdp:9645,SFA,4,2025-12-22,200.0,2,2026-01-05,False,,,,,,,
ucdp-9645__2025-12-22,ucdp:9645,SFA,4,2025-12-22,200.0,3,2026-01-12,False,,,,,,,
ucdp-9645__2025-12-22,ucdp:9645,SFA,4,2025-12-22,200.0,4,2026-01-19,False,,,,,,,
ucdp-9645__2025-12-22,ucdp:9645,SFA,4,2025-12-22,200.0,5,2026-01-26,False,,,,,,,
ucdp-9645__2025-12-22,ucdp:9645,SFA,4,2025-12-22,200.0,6,2026-02-02,False,,,,,,,
ucdp-9645__2025-12-22,ucdp:9645,SFA,4,2025-12-22,200.0,7,2026-02-09,False,,,,,,,
ucdp-9645__2025-12-22,ucdp:9645,SFA,4,2025-12-22,200.0,8,2026-02-16,False,,,,,,,
ucdp-9645__2025-02-24,ucdp:9645,SFA,5,2025-02-24,31.0,-8,2024-12-30,True,0.0,0.0,0.0,0.0,0.0,0.0,0.0
ucdp-9645__2025-02-24,ucdp:9645,SFA,5,2025-02-24,31.0,-7,2025-01-06,True,0.0,0.0,0.0,0.0,0.0,0.0,0.0
ucdp-9645__2025-02-24,ucdp:9645,SFA,5,2025-02-24,31.0,-6,2025-01-13,True,0.0,0.0,0.0,0.0,0.0,0.0,0.0
ucdp-9645__2025-02-24,ucdp:9645,SFA,5,2025-02-24,31.0,-5,2025-01-20,True,0.0,0.0,0.0,0.0,0.0,0.0,0.0
ucdp-9645__2025-02-24,ucdp:9645,SFA,5,2025-02-24,31.0,-4,2025-01-27,True,0.0,0.0,0.0,0.0,0.0,0.0,0.0
ucdp-9645__2025-02-24,ucdp:9645,SFA,5,2025-02-24,31.0,-3,2025-02-03,True,0.0,0.0,0.0,0.0,0.0,0.0,0.0
ucdp-9645__2025-02-24,ucdp:9645,SFA,5,2025-02-24,31.0,-2,2025-02-10,True,0.0,0.0,0.0,0.0,0.0,0.0,0.0
ucdp-9645__2025-02-24,ucdp:9645,SFA,5,2025-02-24,31.0,-1,2025-02-17,True,6.0,1.0,1.0,0.0,0.0,16.0,6.0
ucdp-9645__2025-02-24,ucdp:9645,SFA,5,2025-02-24,31.0,0,2025-02-24,True,8.0,63.0,56.0,3.0,31.0,108.0,8.0
ucdp-9645__2025-02-24,ucdp:9645,SFA,5,2025-02-24,31.0,1,2025-03-03,True,9.0,6.0,4.0,2.0,14.0,77.0,8.0
ucdp-9645__2025-02-24,ucdp:9645,SFA,5,2025-02-24,31.0,2,2025-03-10,True,10.0,8.0,8.0,4.0,82.0,102.0,6.0
ucdp-9645__2025-02-24,ucdp:9645,SFA,5,2025-02-24,31.0,3,2025-03-17,True,8.0,0.0,0.0,6.0,121.0,158.0,11.0
ucdp-9645__2025-02-24,ucdp:9645,SFA,5,2025-02-24,31.0,4,2025-03-24,True,7.0,7.0,0.0,2.0,106.0,471.0,8.0
ucdp-9645__2025-02-24,ucdp:9645,SFA,5,2025-02-24,31.0,5,2025-03-31,True,12.0,25.0,7.0,3.0,4.0,166.0,10.0
ucdp-9645__2025-02-24,ucdp:9645,SFA,5,2025-02-24,31.0,6,2025-04-07,True,16.0,10.0,9.0,18.0,478.0,501.0,12.0
ucdp-9645__2025-02-24,ucdp:9645,SFA,5,2025-02-24,31.0,7,2025-04-14,True,11.0,55.0,53.0,3.0,65.0,192.0,9.0
ucdp-9645__2025-02-24,ucdp:9645,SFA,5,2025-02-24,31.0,8,2025-04-21,True,11.0,74.0,72.0,2.0,144.0,228.0,8.0
ucdp-9645__2025-08-18,ucdp:9645,SFA,6,2025-08-18,20.0,-8,2025-06-23,True,8.0,29.0,29.0,3.0,38.0,59.0,8.0
ucdp-9645__2025-08-18,ucdp:9645,SFA,6,2025-08-18,20.0,-7,2025-06-30,True,3.0,1.0,1.0,0.0,0.0,14.0,3.0
ucdp-9645__2025-08-18,ucdp:9645,SFA,6,2025-08-18,20.0,-6,2025-07-07,True,9.0,236.0,235.0,2.0,450.0,510.0,6.0
ucdp-9645__2025-08-18,ucdp:9645,SFA,6,2025-08-18,20.0,-5,2025-07-14,True,7.0,206.0,206.0,0.0,0.0,22.0,4.0
ucdp-9645__2025-08-18,ucdp:9645,SFA,6,2025-08-18,20.0,-4,2025-07-21,True,6.0,3.0,3.0,1.0,30.0,49.0,5.0
ucdp-9645__2025-08-18,ucdp:9645,SFA,6,2025-08-18,20.0,-3,2025-07-28,True,9.0,27.0,3.0,4.0,21.0,45.0,9.0
ucdp-9645__2025-08-18,ucdp:9645,SFA,6,2025-08-18,20.0,-2,2025-08-04,True,6.0,407.0,405.0,5.0,54.0,54.0,8.0
ucdp-9645__2025-08-18,ucdp:9645,SFA,6,2025-08-18,20.0,-1,2025-08-11,True,10.0,230.0,230.0,2.0,13.0,96.0,7.0
ucdp-9645__2025-08-18,ucdp:9645,SFA,6,2025-08-18,20.0,0,2025-08-18,True,6.0,26.0,23.0,2.0,20.0,29.0,6.0
ucdp-9645__2025-08-18,ucdp:9645,SFA,6,2025-08-18,20.0,1,2025-08-25,True,10.0,35.0,30.0,0.0,0.0,49.0,7.0
ucdp-9645__2025-08-18,ucdp:9645,SFA,6,2025-08-18,20.0,2,2025-09-01,True,6.0,2.0,2.0,0.0,0.0,46.0,4.0
ucdp-9645__2025-08-18,ucdp:9645,SFA,6,2025-08-18,20.0,3,2025-09-08,True,12.0,32.0,31.0,2.0,11.0,36.0,8.0
ucdp-9645__2025-08-18,ucdp:9645,SFA,6,2025-08-18,20.0,4,2025-09-15,True,8.0,218.0,203.0,3.0,40.0,116.0,3.0
ucdp-9645__2025-08-18,ucdp:9645,SFA,6,2025-08-18,20.0,5,2025-09-22,True,8.0,208.0,208.0,1.0,3.0,26.0,4.0
ucdp-9645__2025-08-18,ucdp:9645,SFA,6,2025-08-18,20.0,6,2025-09-29,True,8.0,10.0,10.0,1.0,3.0,75.0,6.0
ucdp-9645__2025-08-18,ucdp:9645,SFA,6,2025-08-18,20.0,7,2025-10-06,True,18.0,199.0,196.0,4.0,12.0,145.0,14.0
ucdp-9645__2025-08-18,ucdp:9645,SFA,6,2025-08-18,20.0,8,2025-10-13,True,19.0,159.0,120.0,1.0,3.0,37.0,16.0
